Unnamed: 0,Country,Energy_type,Year,Energy_consumption,Energy_production,GDP,Population,Energy_intensity_per_capita,Energy_intensity_by_GDP,CO2_emission
1320,United States,all_energy_types,1980,78.021113112,67.14659464,7080.75,227119.0,343.5252581774312,11.018763988560536,4946.62713
1321,United States,coal,1980,15.422809494,18.5977255,7080.75,227119.0,343.5252581774312,11.018763988560536,1409.790188
1322,United States,natural_gas,1980,20.235459103,19.907600094,7080.75,227119.0,343.5252581774312,11.018763988560536,1081.593377
1323,United States,petroleum_n_other_liquids,1980,34.158965138,20.473757967,7080.75,227119.0,343.5252581774312,11.018763988560536,2455.243565
1324,United States,nuclear,1980,2.739168687,2.739168687,7080.75,227119.0,343.5252581774312,11.018763988560536,0.0
1325,United States,renewables_n_other,1980,5.42834239,5.428342392,7080.75,227119.0,343.5252581774312,11.018763988560536,0.0
2706,United States,all_energy_types,1981,76.057186938,66.909508037,7260.45,229416.2,331.52491819670973,10.47554723715472,4756.270103
2707,United States,coal,1981,15.907526424,18.3767727,7260.45,229416.2,331.52491819670973,10.47554723715472,1453.794003
2708,United States,natural_gas,1981,19.747309671,19.699155047,7260.45,229416.2,331.52491819670973,10.47554723715472,1058.053976
2709,United States,petroleum_n_other_liquids,1981,31.890665863,20.412303121,7260.45,229416.2,331.52491819670973,10.47554723715472,2244.422124
2710,United States,nuclear,1981,3.007588734,3.007588734,7260.45,229416.2,331.52491819670973,10.47554723715472,0.0
2711,United States,renewables_n_other,1981,5.413688433,5.413688435,7260.45,229416.2,331.52491819670973,10.47554723715472,0.0
4092,United States,all_energy_types,1982,73.046188656,66.526732286,7129.56,231608.5,315.3864761267397,10.245539508188443,4636.631469
4093,United States,coal,1982,15.321581298,18.638772768,7129.56,231608.5,315.3864761267397,10.245539508188443,1502.932302
4094,United States,natural_gas,1982,18.356222148,18.319024764,7129.56,231608.5,315.3864761267397,10.245539508188443,1032.089207
4095,United States,petroleum_n_other_liquids,1982,30.198363759,20.458149338,7129.56,231608.5,315.3864761267397,10.245539508188443,2101.60996
4096,United States,nuclear,1982,3.131148173,3.131148173,7129.56,231608.5,315.3864761267397,10.245539508188443,0.0
4097,United States,renewables_n_other,1982,5.979637242,5.979637243,7129.56,231608.5,315.3864761267397,10.245539508188443,0.0
5478,United States,all_energy_types,1983,72.915394279,64.066332665,7456.38,233731.0,311.96287304208687,9.778926808853626,4404.434841
5479,United States,coal,1983,15.894441803,17.246670732,7456.38,233731.0,311.96287304208687,9.778926808853626,1449.084615
5480,United States,natural_gas,1983,17.220836066,16.593389291,7456.38,233731.0,311.96287304208687,9.778926808853626,960.901404
5481,United States,petroleum_n_other_liquids,1983,30.032291719,20.528111329,7456.38,233731.0,311.96287304208687,9.778926808853626,1994.448822
5482,United States,nuclear,1983,3.202548979,3.202548979,7456.38,233731.0,311.96287304208687,9.778926808853626,0.0
5483,United States,renewables_n_other,1983,6.495612333,6.495612334,7456.38,233731.0,311.96287304208687,9.778926808853626,0.0
6864,United States,all_energy_types,1984,76.5706968,68.799586137,7995.96,235784.8,324.7482314381589,9.576173067399036,4383.942232
6865,United States,coal,1984,17.070621985,19.719216081,7995.96,235784.8,324.7482314381589,9.576173067399036,1504.795517
6866,United States,natural_gas,1984,18.393612515,18.007932632,7995.96,235784.8,324.7482314381589,9.576173067399036,901.093998
6867,United States,petroleum_n_other_liquids,1984,31.035536117,21.082043165,7995.96,235784.8,324.7482314381589,9.576173067399036,1978.052717
6868,United States,nuclear,1984,3.552530566,3.552530566,7995.96,235784.8,324.7482314381589,9.576173067399036,0.0
6869,United States,renewables_n_other,1984,6.437863691,6.437863693,7995.96,235784.8,324.7482314381589,9.576173067399036,0.0
8250,United States,all_energy_types,1985,76.334134502,67.661300206,8329.37,237880.8,320.892373415593,9.16445475492144,4612.856171
8251,United States,coal,1985,17.478427648,19.325165618,8329.37,237880.8,320.892373415593,9.16445475492144,1616.102516
8252,United States,natural_gas,1985,17.703482185,16.980380424,8329.37,237880.8,320.892373415593,9.16445475492144,962.252107
8253,United States,petroleum_n_other_liquids,1985,30.918849461,21.196174616,8329.37,237880.8,320.892373415593,9.16445475492144,2034.501548
8254,United States,nuclear,1985,4.0755629,4.0755629,8329.37,237880.8,320.892373415593,9.16445475492144,0.0
8255,United States,renewables_n_other,1985,6.084016647,6.084016648,8329.37,237880.8,320.892373415593,9.16445475492144,0.0
9636,United States,all_energy_types,1986,76.598888068,67.030255766,8617.77,240072.0,319.0663137225499,8.888481366757294,4605.354533
9637,United States,coal,1986,17.260405035,19.509466196,8617.77,240072.0,319.0663137225499,8.888481366757294,1655.024937
9638,United States,natural_gas,1986,16.591364143,16.5408009,8617.77,240072.0,319.0663137225499,8.888481366757294,926.516318
9639,United States,petroleum_n_other_liquids,1986,32.2105668,20.4887396,8617.77,240072.0,319.0663137225499,8.888481366757294,2023.813278
9640,United States,nuclear,1986,4.380108667,4.380108667,8617.77,240072.0,319.0663137225499,8.888481366757294,0.0
9641,United States,renewables_n_other,1986,6.111140402,6.111140403,8617.77,240072.0,319.0663137225499,8.888481366757294,0.0
11022,United States,all_energy_types,1987,79.008202666,67.506383428,8915.9,242235.0,326.16344733832847,8.861494932199777,4615.662207
11023,United States,coal,1987,18.008450718,20.141104115,8915.9,242235.0,326.16344733832847,8.861494932199777,1635.733252
11024,United States,natural_gas,1987,17.639800879,17.135819011,8915.9,242235.0,326.16344733832847,8.861494932199777,867.86644
11025,United States,petroleum_n_other_liquids,1987,32.886966681,19.853719522,8915.9,242235.0,326.16344733832847,8.861494932199777,2112.062515
11026,United States,nuclear,1987,4.753933331,4.753933331,8915.9,242235.0,326.16344733832847,8.861494932199777,0.0
11027,United States,renewables_n_other,1987,5.621807448,5.621807449,8915.9,242235.0,326.16344733832847,8.861494932199777,0.0
12408,United States,all_energy_types,1988,82.659169043,68.889579036,9288.34,244446.2,338.14871756239205,8.899240234853592,4775.551396
12409,United States,coal,1988,18.846312438,20.737639161,9288.34,244446.2,338.14871756239205,8.899240234853592,1709.483872
12410,United States,natural_gas,1988,18.448392652,17.598597009,9288.34,244446.2,338.14871756239205,8.899240234853592,922.972357
12411,United States,petroleum_n_other_liquids,1988,34.243286226,19.509620491,9288.34,244446.2,338.14871756239205,8.899240234853592,2143.095167
12412,United States,nuclear,1988,5.586968249,5.586968249,9288.34,244446.2,338.14871756239205,8.899240234853592,0.0
12413,United States,renewables_n_other,1988,5.456754124,5.456754126,9288.34,244446.2,338.14871756239205,8.899240234853592,0.0
13794,United States,all_energy_types,1989,84.739992958,69.284521938,9629.41,246765.2,343.4033362808046,8.800123056137396,4998.211912
13795,United States,coal,1989,19.069762485,21.360178406,9629.41,246765.2,343.4033362808046,8.800123056137396,1792.727375
13796,United States,natural_gas,1989,19.601605666,17.847274995,9629.41,246765.2,343.4033362808046,8.800123056137396,964.372566
13797,United States,petroleum_n_other_liquids,1989,34.235454038,18.240249847,9629.41,246765.2,343.4033362808046,8.800123056137396,2241.111971
13798,United States,nuclear,1989,5.602160969,5.602160969,9629.41,246765.2,343.4033362808046,8.800123056137396,0.0
13799,United States,renewables_n_other,1989,6.234657719,6.234657721,9629.41,246765.2,343.4033362808046,8.800123056137396,0.0
15180,United States,all_energy_types,1990,84.432860298,70.667560975,9811.07,249516.8,338.385472633506,8.605876861341322,5084.558664
15181,United States,coal,1990,19.172634948,22.487548402,9811.07,249516.8,338.385472633506,8.605876861341322,1813.144079
15182,United States,natural_gas,1990,19.603266853,18.326154546,9811.07,249516.8,338.385472633506,8.605876861341322,1026.9554
15183,United States,petroleum_n_other_liquids,1990,33.563363508,17.709483519,9811.07,249516.8,338.385472633506,8.605876861341322,2244.459185
15184,United States,nuclear,1990,6.104350276,6.104350276,9811.07,249516.8,338.385472633506,8.605876861341322,0.0
15185,United States,renewables_n_other,1990,6.04002423,6.040024232,9811.07,249516.8,338.385472633506,8.605876861341322,0.0
16566,United States,all_energy_types,1991,84.380300081,70.321065501,9800.43,252831.2,333.7416429657416,8.609856922706452,5037.896431
16567,United States,coal,1991,18.991670121,21.636424389,9800.43,252831.2,333.7416429657416,8.609856922706452,1820.022501
16568,United States,natural_gas,1991,20.032957501,18.228736464,9800.43,252831.2,333.7416429657416,8.609856922706452,1026.254421
16569,United States,petroleum_n_other_liquids,1991,32.862616797,17.965987247,9800.43,252831.2,333.7416429657416,8.609856922706452,2191.619509
16570,United States,nuclear,1991,6.422132372,6.422132372,9800.43,252831.2,333.7416429657416,8.609856922706452,0.0
16571,United States,renewables_n_other,1991,6.067785027,6.067785029,9800.43,252831.2,333.7416429657416,8.609856922706452,0.0
17952,United States,all_energy_types,1992,85.724885062,69.914443075,10145.66,256391.2,334.3519007750656,8.449414336967727,4992.684743
17953,United States,coal,1992,19.122471284,21.694132423,10145.66,256391.2,334.3519007750656,8.449414336967727,1805.942037
17954,United States,natural_gas,1992,20.713632015,18.375100204,10145.66,256391.2,334.3519007750656,8.449414336967727,1047.755702
17955,United States,petroleum_n_other_liquids,1992,33.55124763,17.545447913,10145.66,256391.2,334.3519007750656,8.449414336967727,2138.987004
17956,United States,nuclear,1992,6.479206249,6.479206249,10145.66,256391.2,334.3519007750656,8.449414336967727,0.0
17957,United States,renewables_n_other,1992,5.820556282,5.820556286,10145.66,256391.2,334.3519007750656,8.449414336967727,0.0
19338,United States,all_energy_types,1993,87.265887618,68.272677806,10424.87,259809.5,335.8841290176071,8.37093293422364,5093.879398
19339,United States,coal,1993,19.835147797,20.3356537,10424.87,259809.5,335.8841290176071,8.37093293422364,1821.880293
19340,United States,natural_gas,1993,21.228999703,18.584037028,10424.87,259809.5,335.8841290176071,8.37093293422364,1083.261526
19341,United States,petroleum_n_other_liquids,1993,33.68525793,16.86057939,10424.87,259809.5,335.8841290176071,8.37093293422364,2188.737579
19342,United States,nuclear,1993,6.410498911,6.410498911,10424.87,259809.5,335.8841290176071,8.37093293422364,0.0
19343,United States,renewables_n_other,1993,6.081634786,6.081908777,10424.87,259809.5,335.8841290176071,8.37093293422364,0.0
20724,United States,all_energy_types,1994,88.98323406,70.68306405,10844.82,263017.8,338.31639554433195,8.205137020254831,5185.520158
20725,United States,coal,1994,19.909462622,22.202083315,10844.82,263017.8,338.31639554433195,8.205137020254831,1881.678193
20726,United States,natural_gas,1994,21.728066828,19.348013257,10844.82,263017.8,338.31639554433195,8.205137020254831,1110.705363
20727,United States,petroleum_n_other_liquids,1994,34.562795501,16.451948662,10844.82,263017.8,338.31639554433195,8.205137020254831,2193.136602
20728,United States,nuclear,1994,6.693877124,6.693877124,10844.82,263017.8,338.31639554433195,8.205137020254831,0.0
20729,United States,renewables_n_other,1994,5.987141691,5.987141692,10844.82,263017.8,338.31639554433195,8.205137020254831,0.0
22110,United States,all_energy_types,1995,90.930704011,71.129139933,11135.92,266179.2,341.6146115511655,8.165531362563668,5262.663333
22111,United States,coal,1995,20.088726842,22.129550192,11135.92,266179.2,341.6146115511655,8.165531362563668,1892.224707
22112,United States,natural_gas,1995,22.671138742,19.082244944,11135.92,266179.2,341.6146115511655,8.165531362563668,1136.048048
22113,United States,petroleum_n_other_liquids,1995,34.458440187,16.284600272,11135.92,266179.2,341.6146115511655,8.165531362563668,2234.390578
22114,United States,nuclear,1995,7.075436106,7.075436106,11135.92,266179.2,341.6146115511655,8.165531362563668,0.0
22115,United States,renewables_n_other,1995,6.559368541,6.557308419,11135.92,266179.2,341.6146115511655,8.165531362563668,0.0
23496,United States,all_energy_types,1996,93.934510891,72.435221336,11556.02,269310.5,348.79631834258225,8.128621349824593,5324.311399
23497,United States,coal,1996,21.00191449,22.790148084,11556.02,269310.5,348.79631834258225,8.128621349824593,1912.142841
23498,United States,natural_gas,1996,23.084647038,19.344268184,11556.02,269310.5,348.79631834258225,8.128621349824593,1185.442673
23499,United States,petroleum_n_other_liquids,1996,35.673079944,16.20324206,11556.02,269310.5,348.79631834258225,8.128621349824593,2226.725885
23500,United States,nuclear,1996,7.086673918,7.086673918,11556.02,269310.5,348.79631834258225,8.128621349824593,0.0
23501,United States,renewables_n_other,1996,7.012394296,7.01088909,11556.02,269310.5,348.79631834258225,8.128621349824593,0.0
24882,United States,all_energy_types,1997,94.50699934,72.420085173,12069.94,272559.2,346.7393481489526,7.829947732963047,5518.030044
24883,United States,coal,1997,21.445410997,23.30961402,12069.94,272559.2,346.7393481489526,7.829947732963047,1994.532207
24884,United States,natural_gas,1997,23.222716326,19.393850734,12069.94,272559.2,346.7393481489526,7.829947732963047,1206.743953
24885,United States,petroleum_n_other_liquids,1997,36.171674983,16.102818276,12069.94,272559.2,346.7393481489526,7.829947732963047,2316.753884
24886,United States,nuclear,1997,6.59699193,6.59699193,12069.94,272559.2,346.7393481489526,7.829947732963047,0.0
24887,United States,renewables_n_other,1997,7.014122341,7.016810213,12069.94,272559.2,346.7393481489526,7.829947732963047,0.0
26268,United States,all_energy_types,1998,94.920189837,72.826461299,12610.85,275762.2,344.2103008933059,7.526866931015752,5589.322021
26269,United States,coal,1998,21.6557439,24.045198439,12610.85,275762.2,344.2103008933059,7.526866931015752,2038.849018
26270,United States,natural_gas,1998,22.830226191,19.613294781,12610.85,275762.2,344.2103008933059,7.526866931015752,1213.776148
26271,United States,petroleum_n_other_liquids,1998,36.83754386,15.607424388,12610.85,275762.2,344.2103008933059,7.526866931015752,2336.696855
26272,United States,nuclear,1998,7.067808773,7.067808773,12610.85,275762.2,344.2103008933059,7.526866931015752,0.0
26273,United States,renewables_n_other,1998,6.491295605,6.492734918,12610.85,275762.2,344.2103008933059,7.526866931015752,0.0
27654,United States,all_energy_types,1999,96.544524442,71.685640563,13215.49,278941.5,346.1102935274959,7.3054063407410545,5636.733477
27655,United States,coal,1999,21.622543711,23.29508389,13215.49,278941.5,346.1102935274959,7.3054063407410545,2063.632658
27656,United States,natural_gas,1999,22.909227438,19.340702641,13215.49,278941.5,346.1102935274959,7.3054063407410545,1191.31701
27657,United States,petroleum_n_other_liquids,1999,37.854558377,14.92401016,13215.49,278941.5,346.1102935274959,7.3054063407410545,2381.783809
27658,United States,nuclear,1999,7.610255595,7.610255595,13215.49,278941.5,346.1102935274959,7.3054063407410545,0.0
27659,United States,renewables_n_other,1999,6.51374665,6.515588277,13215.49,278941.5,346.1102935274959,7.3054063407410545,0.0
29040,United States,all_energy_types,2000,98.702224163,71.270590246,13754.31,282054.2,349.9406290103108,7.176094196146517,5700.252865
29041,United States,coal,2000,22.579528056,22.735477641,13754.31,282054.2,349.9406290103108,7.176094196146517,2061.622698
29042,United States,natural_gas,2000,23.823976776,19.661529395,13754.31,282054.2,349.9406290103108,7.176094196146517,1196.935249
29043,United States,petroleum_n_other_liquids,2000,38.291877775,14.90956652,13754.31,282054.2,349.9406290103108,7.176094196146517,2441.694918
29044,United States,nuclear,2000,7.862349471,7.862349471,13754.31,282054.2,349.9406290103108,7.176094196146517,0.0
29045,United States,renewables_n_other,2000,6.104233701,6.101667219,13754.31,282054.2,349.9406290103108,7.176094196146517,0.0
30426,United States,all_energy_types,2001,96.063733749,71.675370986,13885.56,284871.2,337.2181313835867,6.918246995367849,5888.592478
30427,United States,coal,2001,21.914268291,23.547079589,13885.56,284871.2,337.2181313835867,6.918246995367849,2154.743112
30428,United States,natural_gas,2001,22.772557773,20.165567253,13885.56,284871.2,337.2181313835867,6.918246995367849,1246.049927
30429,United States,petroleum_n_other_liquids,2001,38.232692653,14.772098514,13885.56,284871.2,337.2181313835867,6.918246995367849,2487.799439
30430,United States,nuclear,2001,8.028853134,8.028853134,13885.56,284871.2,337.2181313835867,6.918246995367849,0.0
30431,United States,renewables_n_other,2001,5.15996636,5.161772496,13885.56,284871.2,337.2181313835867,6.918246995367849,0.0
31812,United States,all_energy_types,2002,97.535390886,70.653041629,14121.05,287542.8,339.2030365079564,6.907091957467752,5777.788286
31813,United States,coal,2002,21.903989304,22.732236982,14121.05,287542.8,339.2030365079564,6.907091957467752,2087.256256
31814,United States,natural_gas,2002,23.510080922,19.382055162,14121.05,287542.8,339.2030365079564,6.907091957467752,1191.759702
31815,United States,petroleum_n_other_liquids,2002,38.295428778,14.662418785,14121.05,287542.8,339.2030365079564,6.907091957467752,2498.772328
31816,United States,nuclear,2002,8.145429196,8.145429196,14121.05,287542.8,339.2030365079564,6.907091957467752,0.0
31817,United States,renewables_n_other,2002,5.726116034,5.730901504,14121.05,287542.8,339.2030365079564,6.907091957467752,0.0
33198,United States,all_energy_types,2003,97.834773192,69.884672199,14515.9,290065.2,337.28545579407665,6.739835159514739,5820.025298
33199,United States,coal,2003,22.320927965,22.093652258,14515.9,290065.2,337.28545579407665,6.739835159514739,2092.877119
33200,United States,natural_gas,2003,22.830642206,19.633303711,14515.9,290065.2,337.28545579407665,6.739835159514739,1231.52727
33201,United States,petroleum_n_other_liquids,2003,38.948532283,14.255627525,14515.9,290065.2,337.28545579407665,6.739835159514739,2495.620909
33202,United States,nuclear,2003,7.959622147,7.959622147,14515.9,290065.2,337.28545579407665,6.739835159514739,0.0
33203,United States,renewables_n_other,2003,5.944159929,5.942466558,14515.9,290065.2,337.28545579407665,6.739835159514739,0.0
34584,United States,all_energy_types,2004,100.002368086,70.169464375,15075.12,292731.8,341.61771316269704,6.633603452974172,5886.416623
34585,United States,coal,2004,22.466194565,22.852098855,15075.12,292731.8,341.61771316269704,6.633603452974172,2133.921259
34586,United States,natural_gas,2004,22.923061371,19.0742537,15075.12,292731.8,341.61771316269704,6.633603452974172,1195.380899
34587,United States,petroleum_n_other_liquids,2004,40.444106636,13.95766714,15075.12,292731.8,341.61771316269704,6.633603452974172,2557.114465
34588,United States,nuclear,2004,8.222774019,8.222774019,15075.12,292731.8,341.61771316269704,6.633603452974172,0.0
34589,United States,renewables_n_other,2004,6.074726225,6.062670661,15075.12,292731.8,341.61771316269704,6.633603452974172,0.0
35970,United States,all_energy_types,2005,100.101576158,69.376922615,15600.22,295433.5,338.8294697723853,6.416677210834206,5993.719256
35971,United States,coal,2005,22.796542703,23.185188691,15600.22,295433.5,338.8294697723853,6.416677210834206,2158.366082
35972,United States,natural_gas,2005,22.565364,18.556014509,15600.22,295433.5,338.8294697723853,6.416677210834206,1200.931081
35973,United States,petroleum_n_other_liquids,2005,40.572561186,13.254097616,15600.22,295433.5,338.8294697723853,6.416677210834206,2634.422093
35974,United States,nuclear,2005,8.160809705,8.160809705,15600.22,295433.5,338.8294697723853,6.416677210834206,0.0
35975,United States,renewables_n_other,2005,6.23355613,6.220812094,15600.22,295433.5,338.8294697723853,6.416677210834206,0.0
37356,United States,all_energy_types,2006,99.391540564,70.677576744,16034.36,298287.8,333.2068578198639,6.1986596636223705,6006.994255
37357,United States,coal,2006,22.447160049,23.789509857,16034.36,298287.8,333.2068578198639,6.1986596636223705,2180.146225
37358,United States,natural_gas,2006,22.238737723,19.021705698,16034.36,298287.8,333.2068578198639,6.1986596636223705,1182.46557
37359,United States,petroleum_n_other_liquids,2006,40.228924947,13.065491311,16034.36,298287.8,333.2068578198639,6.1986596636223705,2644.38246
37360,United States,nuclear,2006,8.214626466,8.214626466,16034.36,298287.8,333.2068578198639,6.1986596636223705,0.0
37361,United States,renewables_n_other,2006,6.636868401,6.586243412,16034.36,298287.8,333.2068578198639,6.1986596636223705,0.0
38742,United States,all_energy_types,2007,100.893363152,71.338068781,16356.75,301157.0,335.01915330541874,6.168301352774848,5929.329204
38743,United States,coal,2007,22.749466285,23.492742083,16356.75,301157.0,335.01915330541874,6.168301352774848,2146.008621
38744,United States,natural_gas,2007,23.662759009,19.786208502,16356.75,301157.0,335.01915330541874,6.168301352774848,1169.696029
38745,United States,petroleum_n_other_liquids,2007,39.997046624,13.09016213,16356.75,301157.0,335.01915330541874,6.168301352774848,2613.624554
38746,United States,nuclear,2007,8.458589234,8.458589234,16356.75,301157.0,335.01915330541874,6.168301352774848,0.0
38747,United States,renewables_n_other,2007,6.523110045,6.510366832,16356.75,301157.0,335.01915330541874,6.168301352774848,0.0
40128,United States,all_energy_types,2008,98.753711164,73.144889538,16376.74,304010.5,324.8365144098641,6.030120229300826,6015.537927
40129,United States,coal,2008,22.387437362,23.851367867,16376.74,304010.5,324.8365144098641,6.030120229300826,2171.295306
40130,United States,natural_gas,2008,23.842953331,20.702883893,16376.74,304010.5,324.8365144098641,6.030120229300826,1245.157609
40131,United States,petroleum_n_other_liquids,2008,37.629816605,12.97260073,16376.74,304010.5,324.8365144098641,6.030120229300826,2599.085012
40132,United States,nuclear,2008,8.426490562,8.426490562,16376.74,304010.5,324.8365144098641,6.030120229300826,0.0
40133,United States,renewables_n_other,2008,7.174688673,7.191546486,16376.74,304010.5,324.8365144098641,6.030120229300826,0.0
41514,United States,all_energy_types,2009,93.94221562,72.591701392,15950.96,306705.5,306.29452559540016,5.889439608650513,5823.12664
41515,United States,coal,2009,19.691205439,21.623721303,15950.96,306705.5,306.29452559540016,5.889439608650513,2138.693435
41516,United States,natural_gas,2009,23.415939986,21.139450375,15950.96,306705.5,306.29452559540016,5.889439608650513,1254.522337
41517,United States,petroleum_n_other_liquids,2009,35.75674743,13.848377711,15950.96,306705.5,306.29452559540016,5.889439608650513,2429.910868
41518,United States,nuclear,2009,8.355220104,8.355220104,15950.96,306705.5,306.29452559540016,5.889439608650513,0.0
41519,United States,renewables_n_other,2009,7.608323793,7.624931899,15950.96,306705.5,306.29452559540016,5.889439608650513,0.0
42900,United States,all_energy_types,2010,97.512985964,74.907484569,16383.04,309274.2,315.29621922552866,5.952069088764967,5403.664819
42901,United States,coal,2010,20.833967556,22.038226116,16383.04,309274.2,315.29621922552866,5.952069088764967,1875.159584
42902,United States,natural_gas,2010,24.574753991,21.805763474,16383.04,309274.2,315.29621922552866,5.952069088764967,1233.390342
42903,United States,petroleum_n_other_liquids,2010,36.444217857,14.315300531,16383.04,309274.2,315.29621922552866,5.952069088764967,2295.114893
42904,United States,nuclear,2010,8.434432677,8.434432677,16383.04,309274.2,315.29621922552866,5.952069088764967,0.0
42905,United States,renewables_n_other,2010,8.266858805,8.313761771,16383.04,309274.2,315.29621922552866,5.952069088764967,0.0
44286,United States,all_energy_types,2011,96.870120665,78.105859277,16636.94,311695.5,310.78446966671,5.822592415732701,5593.662183
44287,United States,coal,2011,19.657784073,22.221406892,16636.94,311695.5,310.78446966671,5.822592415732701,1985.938572
44288,United States,natural_gas,2011,24.954538535,23.40571993,16636.94,311695.5,310.78446966671,5.822592415732701,1292.438107
44289,United States,petroleum_n_other_liquids,2011,35.845414344,14.902369958,16636.94,311695.5,310.78446966671,5.822592415732701,2315.285504
44290,United States,nuclear,2011,8.268698496,8.268698496,16636.94,311695.5,310.78446966671,5.822592415732701,0.0
44291,United States,renewables_n_other,2011,9.211720484,9.307664001,16636.94,311695.5,310.78446966671,5.822592415732701,0.0
45672,United States,all_energy_types,2012,94.383225354,79.251053787,17016.41,314178.5,300.4127442011468,5.546600331914899,5454.696471
45673,United States,coal,2012,17.378234004,20.676892971,17016.41,314178.5,300.4127442011468,5.546600331914899,1875.601053
45674,United States,natural_gas,2012,26.088581607,24.610064625,17016.41,314178.5,300.4127442011468,5.546600331914899,1312.327965
45675,United States,petroleum_n_other_liquids,2012,35.039689673,17.009401247,17016.41,314178.5,300.4127442011468,5.546600331914899,2266.767453
45676,United States,nuclear,2012,8.061822158,8.061822158,17016.41,314178.5,300.4127442011468,5.546600331914899,0.0
45677,United States,renewables_n_other,2012,8.856265213,8.892872786,17016.41,314178.5,300.4127442011468,5.546600331914899,0.0
47058,United States,all_energy_types,2013,97.125138216,81.861244307,17329.82,316569.0,306.8055880898003,5.604509349548928,5236.322549
47059,United States,coal,2013,18.038633143,20.001303867,17329.82,316569.0,306.8055880898003,5.604509349548928,1657.873276
47060,United States,natural_gas,2013,26.805134425,24.859072419,17329.82,316569.0,306.8055880898003,5.604509349548928,1371.560957
47061,United States,petroleum_n_other_liquids,2013,35.700419105,19.323712867,17329.82,316569.0,306.8055880898003,5.604509349548928,2206.888316
47062,United States,nuclear,2013,8.244433126,8.244433126,17329.82,316569.0,306.8055880898003,5.604509349548928,0.0
47063,United States,renewables_n_other,2013,9.45896244,9.432722028,17329.82,316569.0,306.8055880898003,5.604509349548928,0.0
48444,United States,all_energy_types,2014,98.288040858,87.748007623,17726.25,319083.2,308.0326411982831,5.544773477639095,5358.870231
48445,United States,coal,2014,17.997632024,20.285705302,17726.25,319083.2,308.0326411982831,5.544773477639095,1717.844544
48446,United States,natural_gas,2014,27.382832545,26.718072525,17726.25,319083.2,308.0326411982831,5.544773477639095,1408.379797
48447,United States,petroleum_n_other_liquids,2014,35.977828212,22.617902362,17726.25,319083.2,308.0326411982831,5.544773477639095,2232.64589
48448,United States,nuclear,2014,8.337559005,8.337559005,17726.25,319083.2,308.0326411982831,5.544773477639095,0.0
48449,United States,renewables_n_other,2014,9.752190324,9.788768429,17726.25,319083.2,308.0326411982831,5.544773477639095,0.0
49830,United States,all_energy_types,2015,97.392089079,88.28046717,18206.03,321618.0,302.8191490494935,5.349441315816793,5413.878798
49831,United States,coal,2015,15.548870189,17.946094536,18206.03,321618.0,302.8191490494935,5.349441315816793,1713.367094
49832,United States,natural_gas,2015,28.191094829,28.066881906,18206.03,321618.0,302.8191490494935,5.349441315816793,1437.536155
49833,United States,petroleum_n_other_liquids,2015,36.740258367,24.176731105,18206.03,321618.0,302.8191490494935,5.349441315816793,2262.975549
49834,United States,nuclear,2015,8.336886237,8.336886237,18206.03,321618.0,302.8191490494935,5.349441315816793,0.0
49835,United States,renewables_n_other,2015,9.73741173,9.753873386,18206.03,321618.0,302.8191490494935,5.349441315816793,0.0
51216,United States,all_energy_types,2016,97.363340787,84.316450522,18509.63,324117.8,300.3949205720883,5.260145166975245,5262.075715
51217,United States,coal,2016,14.225904563,14.667088668,18509.63,324117.8,300.3949205720883,5.260145166975245,1481.89792
51218,United States,natural_gas,2016,28.400351852,27.576023261,18509.63,324117.8,300.3949205720883,5.260145166975245,1478.884313
51219,United States,petroleum_n_other_liquids,2016,37.194180808,23.187219811,18509.63,324117.8,300.3949205720883,5.260145166975245,2301.293482
51220,United States,nuclear,2016,8.426753002,8.426753002,18509.63,324117.8,300.3949205720883,5.260145166975245,0.0
51221,United States,renewables_n_other,2016,10.390662036,10.45936578,18509.63,324117.8,300.3949205720883,5.260145166975245,0.0
52602,United States,all_energy_types,2017,97.633739402,88.102915227,18927.11,326379.8,299.14148915465967,5.158407142030664,5169.496984
52603,United States,coal,2017,13.837465264,15.625377047,18927.11,326379.8,299.14148915465967,5.158407142030664,1355.200263
52604,United States,natural_gas,2017,28.055092568,28.289335056,18927.11,326379.8,299.14148915465967,5.158407142030664,1489.851251
52605,United States,petroleum_n_other_liquids,2017,37.522870556,24.532608642,18927.11,326379.8,299.14148915465967,5.158407142030664,2324.44547
52606,United States,nuclear,2017,8.418968232,8.418968232,18927.11,326379.8,299.14148915465967,5.158407142030664,0.0
52607,United States,renewables_n_other,2017,11.115511517,11.23662625,18927.11,326379.8,299.14148915465967,5.158407142030664,0.0
53988,United States,all_energy_types,2018,101.203412763,95.748508172,19479.58,328317.2,308.2488908988015,5.195359076684405,5131.08098
53989,United States,coal,2018,13.251532387,15.363442028,19479.58,328317.2,308.2488908988015,5.195359076684405,1317.951988
53990,United States,natural_gas,2018,31.1534215,31.88214802,19479.58,328317.2,308.2488908988015,5.195359076684405,1470.964449
53991,United States,petroleum_n_other_liquids,2018,38.354616819,28.512675062,19479.58,328317.2,308.2488908988015,5.195359076684405,2342.164543
53992,United States,nuclear,2018,8.438068207,8.438068207,19479.58,328317.2,308.2488908988015,5.195359076684405,0.0
53993,United States,renewables_n_other,2018,11.342540966,11.552174855,19479.58,328317.2,308.2488908988015,5.195359076684405,0.0
55374,United States,all_energy_types,2019,100.434067942,101.400918072,19925.43,330043.8,304.3052708216304,5.040496889753446,5277.192754
55375,United States,coal,2019,11.315594693,14.255763025,19925.43,330043.8,304.3052708216304,5.040496889753446,1262.555409
55376,United States,natural_gas,2019,32.252006995,35.187183375,19925.43,330043.8,304.3052708216304,5.040496889753446,1626.410978
55377,United States,petroleum_n_other_liquids,2019,38.329385876,31.910981733,19925.43,330043.8,304.3052708216304,5.040496889753446,2388.226367
55378,United States,nuclear,2019,8.451851513,8.451851513,19925.43,330043.8,304.3052708216304,5.040496889753446,0.0
55379,United States,renewables_n_other,2019,11.436136015,11.595138426,19925.43,330043.8,304.3052708216304,5.040496889753446,0.0
